No.Inscripción,comentarios,Nombre,TIPO,LOCALIDAD,DIRECCIÓN,UPZ,TELEFONO,FECHA-DE- INSCRIPCION
190,,JARDÍN INFANTIL DE TECHO,PRI,KENNEDY,"KR 78 F 1 20","KENNEDY CENTRAL",4537160 - 3143956964,11/01/2007218,,LICEO PEQUEÑOS QUERUBINES,PRI,FONTIBÓN,CL 22 BIS 93 B 07,MODELIA,4210843,19/01/2007
218,,LICEO PEQUEÑOS QUERUBINES,PRI,FONTIBÓN,CL 22 BIS 93 B 07,MODELIA,4210843,19/01/2007256,,TALLERES Y ESPECTÁCULOS ESPANTAPAJAROS,PRI,USAQUÉN,KR 19 A 104 A 60,SANTA BÁRBARA,6297828 - 6200754,24/01/2007
256,,TALLERES Y ESPECTÁCULOS ESPANTAPAJAROS,PRI,USAQUÉN,KR 19 A 104 A 60,SANTA BÁRBARA,6297828 - 6200754,24/01/2007258,CONTROL,JARDÍN INFANTIL AMOR Y SABIDURÍA,PRI,BOSA,CL 56 F SUR 93 A 14,EL PORVENIR,7235923 - 4614255,25/01/2007
258,CONTROL,JARDÍN INFANTIL AMOR Y SABIDURÍA,PRI,BOSA,CL 56 F SUR 93 A 14,EL PORVENIR,7235923 - 4614255,25/01/2007259,,ALLEGRO PREESCOLAR,SED-PRI,USAQUÉN,CL 134 A 11 09,LOS CEDROS,2741624,25/01/2007
259,,ALLEGRO PREESCOLAR,SED-PRI,USAQUÉN,CL 134 A 11 09,LOS CEDROS,2741624,25/01/2007264,,ASPAEN MATERNAL Y PREESCOLAR ATAVANZA,PRI,USAQUÉN,KR 14 A 119 71,"SANTA BÁRBARA",6123769,26/01/2007
264,,ASPAEN MATERNAL Y PREESCOLAR ATAVANZA,PRI,USAQUÉN,KR 14 A 119 71,"SANTA BÁRBARA",6123769,26/01/2007270,,JARDÍN INFANTIL MI CASITA FELIZ,PRI,KENNEDY,DG 2 F 79 F 20,CASTILLA,2928074,28/01/2007
270,,JARDÍN INFANTIL MI CASITA FELIZ,PRI,KENNEDY,DG 2 F 79 F 20,CASTILLA,2928074,28/01/2007273,,CENTRO DE ESTIMULACIÓN ADECUADA Y NIVELACION ESCOLAR CHICOS Y BEBES,PRI,USAQUÉN,CL 152 A 17 25,LOS CEDROS,2792357,29/01/2007
273,,CENTRO DE ESTIMULACIÓN ADECUADA Y NIVELACION ESCOLAR CHICOS Y BEBES,PRI,USAQUÉN,CL 152 A 17 25,LOS CEDROS,2792357,29/01/2007275,,GIMNASIO GRANDES MARAVILLAS,PRI,ENGATIVÁ,CL 55 73 A 20,SANTA CECILIA,4906680 - 2953705,30/01/2007
275,,GIMNASIO GRANDES MARAVILLAS,PRI,ENGATIVÁ,CL 55 73 A 20,SANTA CECILIA,4906680 - 2953705,30/01/2007276,,JARDÍN INFANTIL MIS PEQUEÑOS AMIGOS,PRI,USAQUÉN,KR 10 134 B 42,LOS CEDROS,5276149,30/01/2007
276,,JARDÍN INFANTIL MIS PEQUEÑOS AMIGOS,PRI,USAQUÉN,KR 10 134 B 42,LOS CEDROS,5276149,30/01/2007278,,LOS COLORES DEL ARCO IRIS,PRI,BARRIOS UNIDOS,CL 65 A 57 18,"DOCE DE OCTUBRE",3118081,30/01/2007
278,,LOS COLORES DEL ARCO IRIS,PRI,BARRIOS UNIDOS,CL 65 A 57 18,"DOCE DE OCTUBRE",3118081,30/01/2007281,,GUARDERÍA ESTRELLITAS DEL FUTURO,PRI,CIUDAD BOLÍVAR,CL 64 SUR 72 43,"ISMAEL PERDOMO",4007443,31/01/2007
281,,GUARDERÍA ESTRELLITAS DEL FUTURO,PRI,CIUDAD BOLÍVAR,CL 64 SUR 72 43,"ISMAEL PERDOMO",4007443,31/01/2007283,,ABC GUARDERÍA Y CENTRO DE ESTIMULACIÓN INTEGRAL,PRI,KENNEDY,KR 83 13 D 36,CASTILLA,4244420,1/02/2007
283,,ABC GUARDERÍA Y CENTRO DE ESTIMULACIÓN INTEGRAL,PRI,KENNEDY,KR 83 13 D 36,CASTILLA,4244420,1/02/2007285,,SALA CUNA GUARDERÍA APRENDE JUGANDO Y CANTANDO,PRI,SUBA,CL 161 C 59 87,BRITALIA,6782283 - 311 5102825,1/02/2007
285,,SALA CUNA GUARDERÍA APRENDE JUGANDO Y CANTANDO,PRI,SUBA,CL 161 C 59 87,BRITALIA,6782283 - 311 5102825,1/02/2007289,,JARDIN INFANTIL MI MUNDO CREATIVO,PRI,SUBA,CL 174A 49B 15,"SAN JOSE DE BAVARIA",4681149,2/02/2007
289,,JARDIN INFANTIL MI MUNDO CREATIVO,PRI,SUBA,CL 174A 49B 15,"SAN JOSE DE BAVARIA",4681149,2/02/2007291,,JARDÍN INFANTIL UN MUNDO POR CREAR,PRI,USAQUÉN,KR 13 A 110 35,SANTA BÁRBARA,2147662,5/02/2007
291,,JARDÍN INFANTIL UN MUNDO POR CREAR,PRI,USAQUÉN,KR 13 A 110 35,SANTA BÁRBARA,2147662,5/02/2007316,,PREESCOLAR SANTA PAULA,SED-PRI,USAQUÉN,KR 11 B 119 10,"SANTA BÁRBARA",2159255,9/02/2007
316,,PREESCOLAR SANTA PAULA,SED-PRI,USAQUÉN,KR 11 B 119 10,"SANTA BÁRBARA",2159255,9/02/2007338,,JARDÍN INFANTIL Y MATERNAL TIA PAQUIS,SED-PRI,USAQUÉN,KR 23 142 10,LOS CEDROS,6252665,12/02/2007
338,,JARDÍN INFANTIL Y MATERNAL TIA PAQUIS,SED-PRI,USAQUÉN,KR 23 142 10,LOS CEDROS,6252665,12/02/2007343,,JARDÍN INFANTIL MUNDO MONTESSORI,PRI,USAQUÉN,CL 114 A 18 C 17,"SANTA BÁRBARA",6193429,13/02/2007
343,,JARDÍN INFANTIL MUNDO MONTESSORI,PRI,USAQUÉN,CL 114 A 18 C 17,"SANTA BÁRBARA",6193429,13/02/2007356,,GIMNASIO RAYMOND,SED-PRI,FONTIBÓN,KR 82 24 A 13,MODELIA,8054130,15/02/2007
356,,GIMNASIO RAYMOND,SED-PRI,FONTIBÓN,KR 82 24 A 13,MODELIA,8054130,15/02/2007358,,PREESCOLAR TIM,SED-PRI,USAQUÉN,KR 20 140 22,LOS CEDROS,2168093,15/02/2007
358,,PREESCOLAR TIM,SED-PRI,USAQUÉN,KR 20 140 22,LOS CEDROS,2168093,15/02/2007377,,COLEGIO COLSUBSIDIO CIUDADELA,SED-PRI,ENGATIVÁ,CL 83A 110 58,BOLIVIA,4318181,20/02/2007
377,,COLEGIO COLSUBSIDIO CIUDADELA,SED-PRI,ENGATIVÁ,CL 86 110 58,BOLIVIA,4318181,20/02/2007378,,JARDÍN INFANTIL PECOSITOS,PRI,USAQUÉN,KR 10 A 181 A 04,VERBENAL,6797544,20/02/2007
378,,JARDÍN INFANTIL PECOSITOS,PRI,USAQUÉN,KR 10 A 181 A 04,VERBENAL,6797544,20/02/2007380,,JARDÍN INFANTIL MIS PRIMEROS TRAZOS,PRI,USME,CL 87 B SUR 3 05,COMUNEROS,7622290,20/02/2007
380,,JARDÍN INFANTIL MIS PRIMEROS TRAZOS,PRI,USME,CL 87 B SUR 3 05,COMUNEROS,7622290,20/02/2007384,,SAINT MARY NURSERY & PRESCHOOL,PRI,SUBA,TV 57 108 08,LA ALHAMBRA,"5162682 - 5174271 - 2531812",20/02/2007
384,,SAINT MARY NURSERY & PRESCHOOL,PRI,SUBA,TV 57 108 08,LA ALHAMBRA,"5162682 - 5174271 - 2531812",20/02/2007385,,GIMNASIO INFANTIL CREARTE SAS,PRI,KENNEDY,"CL 36 A 78 C 30 SUR","KENNEDY CENTRAL",4916976,20/02/2007
385,,GIMNASIO INFANTIL CREARTE SAS,PRI,KENNEDY,"CL 36 A 78 C 30 SUR INTERIOR 12 SUPER MANZANA 7","KENNEDY CENTRAL",4916976,20/02/2007387,,CENTRO INFANTIL BLANCO Y NEGRO Y CIA LTDA,PRI,USAQUÉN,KR 19 A 106 A 33,"SANTA BÁRBARA",2137318,22/02/2007
387,,CENTRO INFANTIL BLANCO Y NEGRO Y CIA LTDA,PRI,USAQUÉN,KR 19 A 106 A 33,"SANTA BÁRBARA",2137318,22/02/2007412,,EL PORTAL FUNDACIÓN PARA HIJOS DE RECLUSOS,ICBF,RAFAEL URIBE URIBE,AV 13 62 40 SUR,APOGEO,7142243,26/02/2007
412,,EL PORTAL FUNDACIÓN PARA HIJOS DE RECLUSOS,ICBF,RAFAEL URIBE URIBE,AV 13 62 40 SUR (VIA USME),APOGEO,7142243,26/02/2007413,,CENTRO INFANTIL SUSAN LUDINGTON,SED-PRI,TEUSAQUILLO,KR 35 BIS 58 55,LA ESMERALDA,2214094,26/02/2007
413,,CENTRO INFANTIL SUSAN LUDINGTON,SED-PRI,TEUSAQUILLO,KR 35 BIS 58 55,LA ESMERALDA,2214094,26/02/2007416,,EL JARDÍN DEL ARCO IRIS PREESCOLAR,SED-PRI,ANTONIO NARIÑO,KR 12 10 A 05 SUR,CIUDAD JARDÍN,2890118,27/02/2007
416,,EL JARDÍN DEL ARCO IRIS PREESCOLAR,SED-PRI,ANTONIO NARIÑO,KR 12 10 A 05 SUR,CIUDAD JARDÍN,2890118,27/02/2007418,,JARDÍN INFANTIL EL CANGURO,SED-PRI,ENGATIVÁ,TV 73 B 81 F 10,"EL MINUTO DE DIOS",2526741,27/02/2007
418,,JARDÍN INFANTIL EL CANGURO,SED-PRI,ENGATIVÁ,TV 73 B 81 F 10,"EL MINUTO DE DIOS",2526741,27/02/2007421,,CENTRO DE PEDAGOGÍA INICIAL CENPI,PRI,KENNEDY,CL 6 A 89 42,CALANDAIMA,7400462,28/02/2007
421,,CENTRO DE PEDAGOGÍA INICIAL CENPI,PRI,KENNEDY,CL 6 A 89 42,CALANDAIMA,7400462,28/02/2007429,,GIMNASIO MARÍA LUISA TRICHETH,PRI,KENNEDY,KR 78 G 8 D 40,CASTILLA,2925702,28/02/2007
429,,GIMNASIO MARÍA LUISA TRICHETH,PRI,KENNEDY,KR 78 G 8 D 40,CASTILLA,2925702,28/02/2007434,,JARDÍN INFANTIL ISLA DEL SOL,JSDIS,TUNJUELITO,CL 67 B SUR 63 15 SUR,VENECIA,7106813 - 7411011,2/03/2007
434,,JARDÍN INFANTIL ISLA DEL SOL,JSDIS,TUNJUELITO,CL 67 B SUR 63 15 SUR,VENECIA,7106813 - 7411011,2/03/2007445,,RISITAS INFANTILES PATIO BONITO,JSDIS,KENNEDY,KR 86 D 39 A 05 SUR,PATIO BONITO,2996310,2/03/2007
445,,RISITAS INFANTILES PATIO BONITO,JSDIS,KENNEDY,KR 86 D 39 A 05 SUR,PATIO BONITO,2996310,2/03/2007446,,J.S. NUEVA ROMA,JS,SAN CRISTÓBAL,KR 4 ESTE 48 C 36 SUR,"LOS LIBERTADORES",2068522,2/03/2007
446,,J.S. NUEVA ROMA,JS,SAN CRISTÓBAL,KR 4 ESTE 48 C 36 SUR,"LOS LIBERTADORES",2068522,2/03/2007448,,JARDÍN INFANTIL ANTONIO NARIÑO,JSDIS,PUENTE ARANDA,KR 59 17 60,"PUENTE ARANDA",4203421,2/03/2007
448,,JARDÍN INFANTIL ANTONIO NARIÑO,JSDIS,PUENTE ARANDA,KR 59 17 60,"PUENTE ARANDA",4203421,2/03/2007449,,JARDÍN INFANTIL SANTA CECILIA,JSDIS,USAQUÉN,KR 5 A 164 A 03,"SAN CRISTÓBAL NORTE",6682035 - 7310020,2/03/2007
449,,JARDÍN INFANTIL SANTA CECILIA,JSDIS,USAQUÉN,KR 5 A 164 A 03,"SAN CRISTÓBAL NORTE",6682035 - 7310020,2/03/2007451,,JARDÍN INFANTIL CASA LOMA,JSDIS,USME,TV 8 A ESTE 88 I 41 SUR,GRAN YOMASA,7645212,2/03/2007
451,,JARDÍN INFANTIL CASA LOMA,JSDIS,USME,TV 8 A ESTE 88 I 41 SUR,GRAN YOMASA,7645212,2/03/2007452,,JARDÍN INFANTIL SATELITE LAS FERIAS,JSDIS,ENGATIVÁ,KR 69 J 73 11,LAS FERIAS,2502900,2/03/2007
452,,JARDÍN INFANTIL SATELITE LAS FERIAS,JSDIS,ENGATIVÁ,KR 69 J 73 11,LAS FERIAS,2502900,2/03/2007453,,JARDÍN INFANTIL ALQUERIA LA FRAGUA,JSDIS,KENNEDY,KR 68 A 36 25 SUR,CARVAJAL,2700329,2/03/2007
453,,JARDÍN INFANTIL ALQUERIA LA FRAGUA,JSDIS,KENNEDY,KR 68 A 36 25 SUR,CARVAJAL,2700329,2/03/2007454,,JARDÍN INFANTIL VILLA CLEMENCIA,JSDIS,BOSA,KR 86 A 57 C 47 SUR,"BOSA OCCIDENTAL",7833582 - 7832458,2/03/2007
454,,JARDÍN INFANTIL VILLA CLEMENCIA,JSDIS,BOSA,KR 86 A 57 C 47 SUR,"BOSA OCCIDENTAL",7833582 - 7832458,2/03/2007455,,JARDÍN SOCIAL NEBRASKA,JS,USME,KR 16 C ESTE 66 I 70 SUR,DANUBIO,7646292,2/03/2007
455,,JARDÍN SOCIAL NEBRASKA,JS,USME,KR 16 C ESTE 66 I 70 SUR,DANUBIO,7646292,2/03/2007456,,JARDÍN INFANTIL LA CABAÑA,JSDIS,BOSA,KR 90 B 56 G 20 SUR,EL PORVENIR,7302803,2/03/2007
456,,JARDÍN INFANTIL LA CABAÑA,JSDIS,BOSA,KR 90 B 56 G 20 SUR,EL PORVENIR,7302803,2/03/2007457,,JARDÍN INFANTIL SALACUNA PRIMAVERA Y GORGONZOLA,JSDIS,PUENTE ARANDA,CL 4 D 40 55,"CIUDAD MONTES",3605807 - 3511990,2/03/2007
457,,JARDÍN INFANTIL SALACUNA PRIMAVERA Y GORGONZOLA,JSDIS,PUENTE ARANDA,CL 4 D 40 55,"CIUDAD MONTES",3605807 - 3511990,2/03/2007458,,J.S. LA ESPERANZA,JS,BOSA,KR 80 J 76 38 SUR,BOSA CENTRAL,7195177,2/03/2007
458,,J.S. LA ESPERANZA,JS,BOSA,KR 80 J 76 38 SUR,BOSA CENTRAL,7195177,2/03/2007459,,JARDÍN INFANTIL PEQUEÑOS GIGANTES,JSDIS,BOSA,KR 89 52 B 61 SUR,"BOSA OCCIDENTAL",7851880,2/03/2007
459,,JARDÍN INFANTIL PEQUEÑOS GIGANTES,JSDIS,BOSA,KR 89 52 B 61 SUR,"BOSA OCCIDENTAL",7851880,2/03/2007460,,JARDÍN INFANTIL J.S. SAN JERONIMO DEL YUSTE,JS,SAN CRISTÓBAL,CL 14 SUR 23 44 ESTE,SAN BLAS,3373176,2/03/2007
460,,JARDÍN INFANTIL J.S. SAN JERONIMO DEL YUSTE,JS,SAN CRISTÓBAL,CL 14 SUR 23 44 ESTE,SAN BLAS,3373176,2/03/2007461,,J.S. EL PARAISO,JS,CIUDAD BOLÍVAR,KR 27 L 71 G 14 SUR,LUCERO,7903238,2/03/2007
461,,J.S. EL PARAISO,JS,CIUDAD BOLÍVAR,KR 27 L 71 G 14 SUR,LUCERO,7903238,2/03/2007462,,JARDÍN INFANTIL ISRAELITA,JSDIS,BOSA,KR 78 C 73 B 15 SUR,BOSA CENTRAL,7796090 - 7802755,2/03/2007
462,,JARDÍN INFANTIL ISRAELITA,JSDIS,BOSA,KR 78 C 73 B 15 SUR,BOSA CENTRAL,7796090 - 7802755,2/03/2007463,,JARDÍN INFANTIL SAN CAYETANO,JSDIS,SUBA,KR 93 F 127 B 46,EL RINCÓN,5369132 - 6812981,2/03/2007
463,,JARDÍN INFANTIL SAN CAYETANO,JSDIS,SUBA,KR 93 F 127 B 46,EL RINCÓN,5369132 - 6812981,2/03/2007466,,JARDÍN INFANTIL PABLO DE TARSO,JSDIS,TUNJUELITO,"DG 48 SUR 51 D 57 (DG 49 D SUR 48 63)",VENECIA,7241136 - 7411011,2/03/2007
466,,JARDÍN INFANTIL PABLO DE TARSO,JSDIS,TUNJUELITO,"DG 48 SUR 51 D 57 (DG 49 D SUR 48 63)",VENECIA,7241136 - 7411011,2/03/2007467,,J.S. BUENAVISTA,JS,CIUDAD BOLÍVAR,CL 78 SUR 17 F 80,EL TESORO,7913956,2/03/2007
467,,J.S. BUENAVISTA,JS,CIUDAD BOLÍVAR,CL 78 SUR 17 F 80,EL TESORO,7913956,2/03/2007468,,JARDÍN INFANTIL LOS CEREZOS,JSDIS,ENGATIVÁ,KR 89 80 35,"EL MINUTO DE DIOS",2248177 - 2248175,2/03/2007
468,,JARDÍN INFANTIL LOS CEREZOS,JSDIS,ENGATIVÁ,KR 89 80 35,"EL MINUTO DE DIOS",2248177 - 2248175,2/03/2007469,,JARDÍN INFANTIL LA CABAÑA,JSDIS,FONTIBÓN,KR 104 A BIS 23 G 19,FONTIBÓN,4151723,2/03/2007
469,,JARDÍN INFANTIL LA CABAÑA,JSDIS,FONTIBÓN,KR 104 A BIS 23 G 19,FONTIBÓN,4151723,2/03/2007472,,JARDÍN INFANTIL TINTALITO,JSDIS,KENNEDY,KR 86 B 42 F 03 SUR,PATIO BONITO,7652606 - 3185591246,2/03/2007
472,,JARDÍN INFANTIL TINTALITO,JSDIS,KENNEDY,KR 86 B 42 F 03 SUR,PATIO BONITO,7652606 - 3185591246,2/03/2007473,,JARDÍN INFANTIL ALCALA MUZU,JSDIS,PUENTE ARANDA,KR 52 37 05 SUR,MUZÚ,2770609 - 7106539,2/03/2007
473,,JARDÍN INFANTIL ALCALA MUZU,JSDIS,PUENTE ARANDA,KR 52 37 05 SUR,MUZÚ,2770609 - 7106539,2/03/2007474,,JARDÍN INFANTIL VILLA RICA,JSDIS,KENNEDY,KR 77 K BIS 50 64 SUR,TIMIZA,7106539 - 4503687,2/03/2007
474,,JARDÍN INFANTIL VILLA RICA,JSDIS,KENNEDY,KR 77 K BIS 50 64 SUR,TIMIZA,7106539 - 4503687,2/03/2007475,,JARDÍN INFANTIL SATÉLITE PRIMAVERA,JSDIS,PUENTE ARANDA,KR 41 B 5 57,CIUDAD MONTES,2771672,2/03/2007
475,,JARDÍN INFANTIL SATÉLITE PRIMAVERA,JSDIS,PUENTE ARANDA,KR 41 B 5 57,CIUDAD MONTES,2771672,2/03/2007476,,JARDÍN INFANTIL LOS TIMANQUITOS,JSDIS,SUBA,CL 133 BIS 126 37,TIBABUYES,4607424 - 6907424,2/03/2007
476,,JARDÍN INFANTIL LOS TIMANQUITOS,JSDIS,SUBA,CL 133 BIS 126 37,TIBABUYES,4607424 - 6907424,2/03/2007478,,JARDÍN INFANTIL BARLOVENTO,JSDIS,CIUDAD BOLÍVAR,CL 62 B SUR 71 H 24,"ISMAEL PERDOMO",7769061 - 3123628643,2/03/2007
478,,JARDÍN INFANTIL BARLOVENTO,JSDIS,CIUDAD BOLÍVAR,CL 62 B SUR 71 H 24,"ISMAEL PERDOMO",7769061 - 3123628643,2/03/2007479,,JARDÍN INFANTIL PLAZUELAS DEL VIRREY,JSDIS,ENGATIVÁ,CL 72 A 106 91,GARCÉS NAVAS,4334831,2/03/2007
479,,JARDÍN INFANTIL PLAZUELAS DEL VIRREY,JSDIS,ENGATIVÁ,CL 72 A 106 91,GARCÉS NAVAS,4334831,2/03/2007480,,JARDÍN INFANTIL NUEVOS TIMANQUITOS,JSDIS,SUBA,KR 125 B 132 B 51,TIBABUYES,6080572,2/03/2007
480,,JARDÍN INFANTIL NUEVOS TIMANQUITOS,JSDIS,SUBA,KR 125 B 132 B 51,TIBABUYES,6080572,2/03/2007482,,JARDÍN INFANTIL TRINIDAD GALAN,JSDIS,PUENTE ARANDA,CL 4 B 59 80,SAN RAFAEL,2619277 - 2904089,2/03/2007
482,,JARDÍN INFANTIL TRINIDAD GALAN,JSDIS,PUENTE ARANDA,CL 4 B 59 80,SAN RAFAEL,2619277 - 2904089,2/03/2007483,,JARDÍN INFANTIL SANTA ROSA DE LIMA,JSDIS,SANTA FE,CL 1 D SUR 6 03 ESTE,LOURDES,2336180 - 2336737,2/03/2007
483,,JARDÍN INFANTIL SANTA ROSA DE LIMA,JSDIS,SANTA FE,CL 1 D SUR 6 03 ESTE,LOURDES,2336180 - 2336737,2/03/2007485,,JARDÍN INFANTIL MANITAS,JSDIS,CIUDAD BOLÍVAR,CL 70 B SUR 18 J 39,LUCERO,7909600,2/03/2007
485,,JARDÍN INFANTIL MANITAS,JSDIS,CIUDAD BOLÍVAR,CL 70 B SUR 18 J 39,LUCERO,7909600,2/03/2007486,,JARDÍN INFANTIL LA CHUCUA,JSDIS,SUBA,CL 131 C 100 44,EL RINCÓN,6847308,2/03/2007
486,,JARDÍN INFANTIL LA CHUCUA,JSDIS,SUBA,CL 131 C 100 44,EL RINCÓN,6847308,2/03/2007488,,JARDÍN INFANTIL EL TRIUNFO,JSDIS,SANTA FE,CL 1 BIS B 1 B 69,LOURDES,2801188,2/03/2007
488,,JARDÍN INFANTIL EL TRIUNFO,JSDIS,SANTA FE,CL 1 BIS B 1 B 69,LOURDES,2801188,2/03/2007491,,JARDÍN INFANTIL EL RUBY,JSDIS,SUBA,CL 128 A BIS A 92 72,EL RINCÓN,6817707,2/03/2007
491,,JARDÍN INFANTIL EL RUBY,JSDIS,SUBA,CL 128 A BIS A 92 72,EL RINCÓN,6817707,2/03/2007492,,JARDÍN INFANTIL COLINAS,JS,"RAFAEL URIBE URIBE",KR 13 B 31 G 40 SUR,SAN JOSÉ,2784053,2/03/2007
492,,JARDÍN INFANTIL COLINAS,JS,"RAFAEL URIBE URIBE",KR 13 B 31 G 40 SUR,SAN JOSÉ,2784053,2/03/2007493,,JARDÍN INFANTIL RONDAS Y JUEGOS,JSDIS,TUNJUELITO,KR 11 A 52 54 SUR,TUNJUELITO,2051128,2/03/2007
493,,JARDÍN INFANTIL RONDAS Y JUEGOS,JSDIS,TUNJUELITO,KR 11 A 52 54 SUR,TUNJUELITO,2051128,2/03/2007494,,JARDÍN INFANTIL SAN MARCOS,JSDIS,ENGATIVÁ,KR 80 A 67 10,BOYACÁ REAL,4303877,2/03/2007
494,,JARDÍN INFANTIL SAN MARCOS,JSDIS,ENGATIVÁ,KR 80 A 67 10,BOYACÁ REAL,4303877,2/03/2007496,,JARDÍN INFANTIL GOTICAS DE ROCIO,JSDIS,SANTA FE,CL 3 5 B 54 ESTE,LOURDES,6758141,2/03/2007
496,,JARDÍN INFANTIL GOTICAS DE ROCIO,JSDIS,SANTA FE,CL 3 5 B 54 ESTE,LOURDES,6758141,2/03/2007497,,JARDÍN INFANTIL COMUNEROS NORTE,JSDIS,SUBA,CL 140 A 111 B 30,EL RINCÓN,5 361972 6907330,2/03/2007
497,,JARDÍN INFANTIL COMUNEROS NORTE,JSDIS,SUBA,CL 140 A 111 B 30,EL RINCÓN,5 361972 6907330,2/03/2007498,,JARDÍN INFANTIL LA ESTANCIA MIS PRIMERAS LETRAS,JSDIS,CIUDAD BOLÍVAR,KR 75 H 59 A 18 SUR,"ISMAEL PERDOMO",7783140,2/03/2007
498,,JARDÍN INFANTIL LA ESTANCIA MIS PRIMERAS LETRAS,JSDIS,CIUDAD BOLÍVAR,KR 75 H 59 A 18 SUR,"ISMAEL PERDOMO",7783140,2/03/2007499,,JARDÍN INFANTIL PIJAOS,JSDIS,"RAFAEL URIBE URIBE",KR 10 B 35 02 SUR,SAN JOSÉ,3617903 - 3716903,2/03/2007
499,,JARDÍN INFANTIL PIJAOS,JSDIS,"RAFAEL URIBE URIBE",KR 10 B 35 02 SUR,SAN JOSÉ,3617903 - 3716903,2/03/2007501,,JARDÍN INFANTIL SANTA ROSITA LAS VEGAS,JSDIS,CIUDAD BOLÍVAR,TV 49 C 75 A 60 SUR,JERUSALEM,4559104,2/03/2007
501,,JARDÍN INFANTIL SANTA ROSITA LAS VEGAS,JSDIS,CIUDAD BOLÍVAR,TV 49 C 75 A 60 SUR,JERUSALEM,4559104,2/03/2007503,,JARDÍN INFANTIL SAN ISIDRO LOS CARIÑOSITOS,JSDIS,SAN CRISTÓBAL,CL 35 A SUR 6 A 15,20 DE JULIO,3613803,2/03/2007
503,,JARDÍN INFANTIL SAN ISIDRO LOS CARIÑOSITOS,JSDIS,SAN CRISTÓBAL,CL 35 A SUR 6 A 15,20 DE JULIO,3613803,2/03/2007504,,JARDÍN INFANTIL MARCO A. IRIARTE,JSDIS,"RAFAEL URIBE URIBE",KR 21 23 21 SUR,QUIROGA,2785025 - 2392601,2/03/2007
504,,JARDÍN INFANTIL MARCO A. IRIARTE,JSDIS,"RAFAEL URIBE URIBE",KR 21 23 21 SUR,QUIROGA,2785025 - 2392601,2/03/2007505,,JARDÍN INFANTIL LOS NIÑOS TRAVIESOS,JSDIS,CIUDAD BOLÍVAR,CL 63 B SUR 18 11,LUCERO,7906849,2/03/2007
505,,JARDÍN INFANTIL LOS NIÑOS TRAVIESOS,JSDIS,CIUDAD BOLÍVAR,CL 63 B SUR 18 11,LUCERO,7906849,2/03/2007506,,JARDÍN INFANTIL LAS LOMAS,JSDIS,"RAFAEL URIBE URIBE",DG 38 F 11 B 24 SUR,"MARCO FIDEL SUÁREZ",3728423 - 2785192,2/03/2007
506,,JARDÍN INFANTIL LAS LOMAS,JSDIS,"RAFAEL URIBE URIBE",DG 38 F 11 B 24 SUR,"MARCO FIDEL SUÁREZ",3728423 - 2785192,2/03/2007507,,JARDÍN INFANTIL OLAYA,JSDIS,RAFAEL URIBE URIBE,KR 26 A 41 46 SUR,QUIROGA,2051361,2/03/2007
507,,JARDÍN INFANTIL OLAYA,JSDIS,RAFAEL URIBE URIBE,KR 26 A 41 46 SUR,QUIROGA,2051361,2/03/2007508,,JARDÍN INFANTIL JJ RONDON ALTO DE LA CRUZ,JSDIS,CIUDAD BOLÍVAR,TV 22 68 K 22 SUR,"SAN FRANCISCO",2652338,2/03/2007
508,,JARDÍN INFANTIL JJ RONDON ALTO DE LA CRUZ,JSDIS,CIUDAD BOLÍVAR,TV 22 68 K 22 SUR,"SAN FRANCISCO",2652338,2/03/2007509,,JARDÍN INFANTIL LOS PRINCIPITOS,JSDIS,"RAFAEL URIBE URIBE",CL 49 B BIS SUR 5 U 15,MARRUECOS,"7367260 - 5689596 7694685",2/03/2007
509,,JARDÍN INFANTIL LOS PRINCIPITOS,JSDIS,"RAFAEL URIBE URIBE",CL 49 B BIS SUR 5 U 15,MARRUECOS,"7367260 - 5689596 7694685",2/03/2007510,,JARDÍN INFANTIL ESTRADA SATELITE,JSDIS,ENGATIVÁ,KR 69 N 64 07,LAS FERIAS,2406340,2/03/2007
510,,JARDÍN INFANTIL ESTRADA SATELITE,JSDIS,ENGATIVÁ,KR 69 N 64 07,LAS FERIAS,2406340,2/03/2007511,,JARDÍN INFANTIL SAMORE,JSDIS,"RAFAEL URIBE URIBE",CL 41 SUR 31 77,QUIROGA,2708080,2/03/2007
511,,JARDÍN INFANTIL SAMORE,JSDIS,"RAFAEL URIBE URIBE",CL 41 SUR 31 77,QUIROGA,2708080,2/03/2007513,,JARDÍN INFANTIL MI PEQUEÑA CASITA,JSDIS,RAFAEL URIBE URIBE,DG 48 Q SUR 5 Z 20,DIANA TURBAY,5678928 - 7608070,2/03/2007
513,,JARDÍN INFANTIL MI PEQUEÑA CASITA,JSDIS,RAFAEL URIBE URIBE,DG 48 Q SUR 5 Z 20,DIANA TURBAY,5678928 - 7608070,2/03/2007514,,JARDÍN INFANTIL MI REFUGIO,JSDIS,CIUDAD BOLÍVAR,KR 74 G 60 A 10 SUR,"ISMAEL PERDOMO",4552337 - 7786626,2/03/2007
514,,JARDÍN INFANTIL MI REFUGIO,JSDIS,CIUDAD BOLÍVAR,KR 74 G 60 A 10 SUR,"ISMAEL PERDOMO",4552337 - 7786626,2/03/2007516,,JARDÍN INFANTIL GUACAMAYAS (MI PEQUEÑO PARAISO),JSDIS,SAN CRISTÓBAL,CL 37 A SUR 3 A 84,LA GLORIA,2075591,2/03/2007
516,,JARDÍN INFANTIL GUACAMAYAS (MI PEQUEÑO PARAISO),JSDIS,SAN CRISTÓBAL,CL 37 A SUR 3 A 84,LA GLORIA,2075591,2/03/2007517,,JARDÍN INFANTIL SAN JORGE,JSDIS,RAFAEL URIBE URIBE,DG 45 B BIS SUR 13 F 36,"MARCO FIDEL SUÁREZ",2794804 - 2050742,2/03/2007
517,,JARDÍN INFANTIL SAN JORGE,JSDIS,RAFAEL URIBE URIBE,DG 45 B BIS SUR 13 F 36,"MARCO FIDEL SUÁREZ",2794804 - 2050742,2/03/2007519,,JARDÍN INFANTIL EL REFUGIO,JSDIS,"RAFAEL URIBE
519,,JARDÍN INFANTIL EL REFUGIO,JSDIS,"RAFAEL URIBEURIBE",CL 48 P BIS C SUR 5 10,DIANA TURBAY,5992227,2/03/2007520,,JARDÍN INFANTIL SATELITE RESURRECCION,JSDIS,RAFAEL URIBE URIBE,TV 12 G 33 35 SUR,SAN JOSÉ,2723801 - 3143158078,2/03/2007
520,,JARDÍN INFANTIL SATELITE RESURRECCION,JSDIS,RAFAEL URIBE URIBE,TV 12 G 33 35 SUR,SAN JOSÉ,2723801 - 3143158078,2/03/2007523,,JARDÍN INFANTIL MI TALLER CREATIVO,JSDIS,"RAFAEL URIBE
523,,JARDÍN INFANTIL MI TALLER CREATIVO,JSDIS,"RAFAEL URIBEURIBE",TV 1 B ESTE 49 B 20 SUR,DIANA TURBAY,7713150,2/03/2007524,,JARDÍN INFANTIL ESTRELLAS DEL MAÑANA,JSDIS,CIUDAD BOLÍVAR,"KR 19 78 D 05 SUR IN 1 (KR 18 R 77
524,,JARDÍN INFANTIL ESTRELLAS DEL MAÑANA,JSDIS,CIUDAD BOLÍVAR,"KR 19 78 D 05 SUR IN 1 (KR 18 R 77A 25 SUR)",LUCERO,7928996 - 7900546,2/03/2007525,,JARDÍN INFANTIL SOCORRO SUR,JSDIS,RAFAEL URIBE URIBE,KR 13 B 50 A 24 SUR,MARRUECOS,7367260 - 2056292,2/03/2007
525,,JARDÍN INFANTIL SOCORRO SUR,JSDIS,RAFAEL URIBE URIBE,KR 13 B 50 A 24 SUR,MARRUECOS,7367260 - 2056292,2/03/2007526,,JARDÍN INFANTIL REPUBLICA DE CANADA - PEQUEÑOS ARTISTAS,JSDIS,SAN CRISTÓBAL,TV 12 B ESTE 55 A 98 SUR,"LOS
526,,JARDÍN INFANTIL REPUBLICA DE CANADA - PEQUEÑOS ARTISTAS,JSDIS,SAN CRISTÓBAL,TV 12 B ESTE 55 A 98 SUR,"LOSLIBERTADORES",3716887 - 3671313,2/03/2007527,,JARDÍN INFANTIL MI PEQUEÑO HOGAR,JSDIS,RAFAEL URIBE URIBE,CL 49 BIS SUR 5 D 59,DIANA TURBAY,4552317,2/03/2007
527,,JARDÍN INFANTIL MI PEQUEÑO HOGAR,JSDIS,RAFAEL URIBE URIBE,CL 49 BIS SUR 5 D 59,DIANA TURBAY,4552317,2/03/2007529,,JARDÍN INFANTIL NUESTRA ESPERANZA COMPARTIR,JSDIS,CIUDAD BOLÍVAR,KR 18 T 65 A 27 SUR,"SAN
529,,JARDÍN INFANTIL NUESTRA ESPERANZA COMPARTIR,JSDIS,CIUDAD BOLÍVAR,KR 18 T 65 A 27 SUR INTERIOR 2,"SANFRANCISCO",7316515,2/03/2007530,,JARDÍN INFANTIL ARBORIZADORA ALTA,JSDIS,CIUDAD BOLÍVAR,CL 70 SUR 35 04,"SAN
530,,JARDÍN INFANTIL ARBORIZADORA ALTA,JSDIS,CIUDAD BOLÍVAR,CL 70 SUR 35 04,"SANFRANCISCO",4555642,2/03/2007531,,JARDÍN INFANTIL RAFAEL BARBERI CUALLA,JSDIS,TUNJUELITO,KR 36 50 B 35 SUR,VENECIA,2305932 - 7103553,2/03/2007
531,,JARDÍN INFANTIL RAFAEL BARBERI CUALLA,JSDIS,TUNJUELITO,KR 36 50 B 35 SUR,VENECIA,2305932 - 7103553,2/03/2007532,,JARDÍN INFANTIL CASTILLO DE SUEÑOS,JSDIS,"RAFAEL URIBE
532,,JARDÍN INFANTIL CASTILLO DE SUEÑOS,JSDIS,"RAFAEL URIBEURIBE",CL 50 C SUR 11 B 22,MARRUECOS,"7692712 - 7606829 -7594836",2/03/2007533,,JARDÍN INFANTIL JUAN REY,JSDIS,SAN CRISTÓBAL,CL 71 SUR 13 B 22 ESTE,"LOS
533,,JARDÍN INFANTIL JUAN REY,JSDIS,SAN CRISTÓBAL,CL 71 SUR 13 B 22 ESTE,"LOSLIBERTADORES",7626651 - 3653199,2/03/2007534,,JARDÍN INFANTIL ARBORIZADORA BAJA,JSDIS,CIUDAD BOLÍVAR,CL 59 B 43 17 SUR,ARBORIZADORA,7927275,2/03/2007
534,,JARDÍN INFANTIL ARBORIZADORA BAJA,JSDIS,CIUDAD BOLÍVAR,CL 59 B 43 17 SUR,ARBORIZADORA,7927275,2/03/2007535,,JARDÍN INFANTIL J.J. RONDON NIÑO JESÚS,JSDIS,CIUDAD BOLÍVAR,"KR 22 68 C 05 SUR
535,,JARDÍN INFANTIL J.J. RONDON NIÑO JESÚS,JSDIS,CIUDAD BOLÍVAR,"KR 22 68 C 05 SUR - KR 19 D 66 46SUR","SANFRANCISCO",7315686,2/03/2007536,,JARDÍN INFANTIL SAN FRANCISCO,JSDIS,CIUDAD BOLÍVAR,KR 20 A 67 27 SUR,SAN FRANCISCO,4558635,2/03/2007
536,,JARDÍN INFANTIL SAN FRANCISCO,JSDIS,CIUDAD BOLÍVAR,KR 20 A 67 27 SUR,SAN FRANCISCO,4558635,2/03/2007538,,JARDÍN INFANTIL M BELTRAN MIS PEQUEÑAS TRAVESURAS,JSDIS,CIUDAD BOLÍVAR,KR 46 69 D 20 SUR,JERUSALEM,7927295,2/03/2007
538,,JARDÍN INFANTIL M BELTRAN MIS PEQUEÑAS TRAVESURAS,JSDIS,CIUDAD BOLÍVAR,KR 46 69 D 20 SUR,JERUSALEM,7927295,2/03/2007539,,JARDÍN INFANTIL SAN BENITO,JSDIS,TUNJUELITO,CL 58 SUR 19 B 37,TUNJUELITO,7690972,2/03/2007
539,,JARDÍN INFANTIL SAN BENITO,JSDIS,TUNJUELITO,CL 58 SUR 19 B 37,TUNJUELITO,7690972,2/03/2007540,,JARDÍN INFANTIL LA PENINSULA,JSDIS,SAN CRISTÓBAL,CL 47 SUR 1 03,"LOS
540,,JARDÍN INFANTIL LA PENINSULA,JSDIS,SAN CRISTÓBAL,CL 47 SUR 1 03,"LOSLIBERTADORES",2071903,2/03/2007541,,JARDÍN INFANTIL ARABIA,JSDIS,CIUDAD BOLÍVAR,DG 82 SUR 18 I 35,EL TESORO,7911971,2/03/2007
541,,JARDÍN INFANTIL ARABIA,JSDIS,CIUDAD BOLÍVAR,DG 82 SUR 18 I 35,EL TESORO,7911971,2/03/2007542,,JARDÍN INFANTIL LAS FERIAS,JSDIS,ENGATIVÁ,KR 69 K 73 90,LAS FERIAS,2409029  2504062,2/03/2007
542,,JARDÍN INFANTIL LAS FERIAS,JSDIS,ENGATIVÁ,KR 69 K 73 90,LAS FERIAS,2409029  2504062,2/03/2007543,,JARDÍN INFANTIL LA ESTANCIA,JSDIS,CIUDAD BOLÍVAR,KR 74 G 59 A 87 SUR,"ISMAEL
543,,JARDÍN INFANTIL LA ESTANCIA,JSDIS,CIUDAD BOLÍVAR,KR 74 G 59 A 87 SUR,"ISMAELPERDOMO",7794946,2/03/2007544,,MARAVILLAS INFANTILES NUEVA COLOMBIA,JSDIS,CIUDAD BOLÍVAR,CL 70 K 18 L 49 SUR,LUCERO,4550568,2/03/2007
544,,MARAVILLAS INFANTILES NUEVA COLOMBIA,JSDIS,CIUDAD BOLÍVAR,CL 70 K 18 L 49 SUR,LUCERO,4550568,2/03/2007545,,JARDÍN INFANTIL LA CASONA,JSDIS,CIUDAD BOLÍVAR,KR 20 C 68 B 31 SUR,SAN FRANCISCO,3087203,2/03/2007
545,,JARDÍN INFANTIL LA CASONA,JSDIS,CIUDAD BOLÍVAR,KR 20 C 68 B 31 SUR,SAN FRANCISCO,3087203,2/03/2007546,,JARDÍN INFANTIL LA GRAN COLOMBIA (POSITOS DE SUEÑOS),JSDIS,SAN CRISTÓBAL,"KR 18 BIS ESTE 9 68 SUR
546,,JARDÍN INFANTIL LA GRAN COLOMBIA (POSITOS DE SUEÑOS),JSDIS,SAN CRISTÓBAL,"KR 18 BIS ESTE 9 68 SUR (KR 22 BISESTE 9 68 SUR )",SAN BLAS,2336557,2/03/2007547,,JARDÍN INFANTIL SANTA LUCÍA,JSDIS,TUNJUELITO,CL 50 SUR 18 B 60,TUNJUELITO,7691120,2/03/2007
547,,JARDÍN INFANTIL SANTA LUCÍA,JSDIS,TUNJUELITO,CL 50 SUR 18 B 60,TUNJUELITO,7691120,2/03/2007550,,JARDÍN INFANTIL CARTAGENA DE INDIAS,JSDIS,CIUDAD BOLÍVAR,CL 70 56 04 SUR,"ISMAEL
550,,JARDÍN INFANTIL CARTAGENA DE INDIAS,JSDIS,CIUDAD BOLÍVAR,CL 70 56 04 SUR,"ISMAELPERDOMO",2643919,2/03/2007551,,JARDÍN INFANTIL VILLA DE LA PAZ,JSDIS,SAN CRISTÓBAL,CL 66 SUR 11 A 27 ESTE,"LOS
551,,JARDÍN INFANTIL VILLA DE LA PAZ,JSDIS,SAN CRISTÓBAL,CL 66 SUR 11 A 27 ESTE,"LOSLIBERTADORES",3717876,2/03/2007552,,JARDÍN INFANTIL CANDELARIA,JSDIS,CIUDAD BOLÍVAR,KR 49 C BIS A 68 B 07 SUR,JERUSALEM,7310089,2/03/2007
552,,JARDÍN INFANTIL CANDELARIA,JSDIS,CIUDAD BOLÍVAR,KR 49 C BIS A 68 B 07 SUR,JERUSALEM,7310089,2/03/2007553,,JARDÍN INFANTIL AVESOL,CC,SAN CRISTÓBAL,CL 36 I SUR 1 49 ESTE,20 DE JULIO,2063548,2/03/2007
553,,JARDÍN INFANTIL AVESOL,CC,SAN CRISTÓBAL,CL 36 I SUR 1 49 ESTE,20 DE JULIO,2063548,2/03/2007554,,JARDÍN INFANTIL BABILONIA,JSDIS,USAQUÉN,CL 164 B 14 C 49,TOBERIN,6696424 - 6728878,2/03/2007
554,,JARDÍN INFANTIL BABILONIA,JSDIS,USAQUÉN,CL 164 B 14 C 49,TOBERIN,6696424 - 6728878,2/03/2007555,,JARDÍN INFANTIL VILLA AMALIA,JSDIS,ENGATIVÁ,CL 71 C 110 B 21,GARCÉS NAVAS,4425306,2/03/2007
555,,JARDÍN INFANTIL VILLA AMALIA,JSDIS,ENGATIVÁ,CL 71 C 110 B 21,GARCÉS NAVAS,4425306,2/03/2007556,,JARDÍN INFANTIL ACACIA SUR,JSDIS,CIUDAD BOLÍVAR,KR 19 A 63 D 51 SUR,"SAN
556,,JARDÍN INFANTIL ACACIA SUR,JSDIS,CIUDAD BOLÍVAR,KR 19 A 63 D 51 SUR,"SANFRANCISCO",7921990,2/03/2007557,,JARDÍN INFANTIL ORQUIDEAS,JSDIS,USAQUÉN,CL 161 16 B 43,TOBERIN,6793191,2/03/2007
557,,JARDÍN INFANTIL ORQUIDEAS,JSDIS,USAQUÉN,CL 161 16 B 43,TOBERIN,6793191,2/03/2007558,,SAN MARTÍN DE LOBA,JSDIS,SAN CRISTÓBAL,CL 41 B SUR 1 23 ESTE,LA GLORIA,3672191,2/03/2007
558,,SAN MARTÍN DE LOBA,JSDIS,SAN CRISTÓBAL,CL 41 B SUR 1 23 ESTE,LA GLORIA,3672191,2/03/2007559,,JARDÍN INFANTIL MINUTO DE MARÍA,JSDIS,CIUDAD BOLÍVAR,KR 18 A BIS B 80 A 21 SUR,EL TESORO,7902992,2/03/2007
559,,JARDÍN INFANTIL MINUTO DE MARÍA,JSDIS,CIUDAD BOLÍVAR,KR 18 A BIS B 80 A 21 SUR,EL TESORO,7902992,2/03/2007560,,JARDÍN INFANTIL TIBABITA,JSDIS,USAQUÉN,CL 191 8 38,VERBENAL,6781097,2/03/2007
560,,JARDÍN INFANTIL TIBABITA,JSDIS,USAQUÉN,CL 191 8 38,VERBENAL,6781097,2/03/2007561,,JARDÍN INFANTIL ALEX Y NIEVES,JSDIS,SAN CRISTÓBAL,CL 58 SUR 16 19 ESTE,"LOS
561,,JARDÍN INFANTIL ALEX Y NIEVES,JSDIS,SAN CRISTÓBAL,CL 58 SUR 16 19 ESTE,"LOSLIBERTADORES",3652276,2/03/2007562,,JARDÍN INFANTIL HORIZONTE,JSDIS,USAQUÉN,KR 3 A 183 A 15,VERBENAL,7170608,2/03/2007
562,,JARDÍN INFANTIL HORIZONTE,JSDIS,USAQUÉN,KR 3 A 183 A 15,VERBENAL,7170608,2/03/2007563,,JARDÍN INFANTIL GLORIA LARA,JSDIS,SUBA,KR 94 D 131 03,EL RINCÓN,6843466,2/03/2007
563,,JARDÍN INFANTIL GLORIA LARA,JSDIS,SUBA,KR 94 D 131 03,EL RINCÓN,6843466,2/03/2007564,,JARDÍN INFANTIL DELICIAS,JSDIS,KENNEDY,CL 44 SUR 72 B 81,CARVAJAL,7411699,2/03/2007
564,,JARDÍN INFANTIL DELICIAS,JSDIS,KENNEDY,CL 44 SUR 72 B 81,CARVAJAL,7411699,2/03/2007565,,JARDÍN INFANTIL TUNJUELITO,JSDIS,TUNJUELITO,CL 58 SUR 13 01,TUNJUELITO,7690990,2/03/2007
565,,JARDÍN INFANTIL TUNJUELITO,JSDIS,TUNJUELITO,CL 58 SUR 13 01,TUNJUELITO,7690990,2/03/2007566,,JARDÍN INFANTIL LA VICTORIA,JSDIS,SAN CRISTÓBAL,DG 37 SUR 2 00 ESTE,LA GLORIA,3637407,2/03/2007
566,,JARDÍN INFANTIL LA VICTORIA,JSDIS,SAN CRISTÓBAL,DG 37 SUR 2 00 ESTE,LA GLORIA,3637407,2/03/2007567,,JARDÍN INFANTIL BARRANCAS,JSDIS,USAQUÉN,AV KR 7 155 80,LOS CEDROS,6705524 - 6728319,2/03/2007
567,,JARDÍN INFANTIL BARRANCAS,JSDIS,USAQUÉN,AV KR 7 155 80,LOS CEDROS,6705524 - 6728319,2/03/2007568,,JARDÍN INFANTIL J.S. SERVITA,JS,USAQUÉN,CL 165 7 52,"SAN CRISTÓBAL
568,,JARDÍN INFANTIL J.S. SERVITA,JS,USAQUÉN,CL 165 7 52,"SAN CRISTÓBALNORTE",6698211,2/03/2007571,,JARDÍN SOCIAL EL NOGAL,JS,USAQUÉN,KR 11 183 A 90,VERBENAL,6724183,2/03/2007
571,,JARDÍN SOCIAL EL NOGAL,JS,USAQUÉN,KR 11 183 A 90,VERBENAL,6724183,2/03/2007572,,JARDÍN INFANTIL KENNEDY SALACUNA,JSDIS,KENNEDY,CL 40 C SUR 79 10 PISO 2,"KENNEDY
572,,JARDÍN INFANTIL KENNEDY SALACUNA,JSDIS,KENNEDY,CL 40 C SUR 79 10 PISO 2,"KENNEDYCENTRAL",4511461,2/03/2007575,,JARDÍN INFANTIL GRAN COLOMBIANO,JS,KENNEDY,KR 79 F 41 56 SUR,"KENNEDY
575,,JARDÍN INFANTIL GRAN COLOMBIANO,JS,KENNEDY,KR 79 F 41 56 SUR,"KENNEDYCENTRAL",2647562,2/03/2007576,,JARDÍN INFANTIL OBRA SUIZA,JSDIS,USAQUÉN,CL 182 6 20,VERBENAL,6782079,2/03/2007
576,,JARDÍN INFANTIL OBRA SUIZA,JSDIS,USAQUÉN,CL 182 6 20,VERBENAL,6782079,2/03/2007577,,JARDÍN INFANTIL COMUNEROS,JSDIS,USME,KR 1 C 96 56 SUR,COMUNEROS,7735049,2/03/2007
577,,JARDÍN INFANTIL COMUNEROS,JSDIS,USME,KR 1 C 96 56 SUR,COMUNEROS,7735049,2/03/2007578,,JARDÍN SOCIAL ALAMEDA,JS,SANTA FE,KR 13 20 95,LAS NIEVES,2832791 - 2863299,2/03/2007
578,,JARDÍN SOCIAL ALAMEDA,JS,SANTA FE,KR 13 20 95,LAS NIEVES,2832791 - 2863299,2/03/2007579,,JARDÍN INFANTIL LUISA DE MARILLAC,JSDIS,KENNEDY,CL 38 A SUR 86 F 15,PATIO BONITO,4511613 - 2995891,2/03/2007
579,,JARDÍN INFANTIL LUISA DE MARILLAC,JSDIS,KENNEDY,CL 38 A SUR 86 F 15,PATIO BONITO,4511613 - 2995891,2/03/2007580,,JARDÍN INFANTIL VERBENAL,JSDIS,USAQUÉN,KR 18 A 187 75,VERBENAL,6780889,2/03/2007
580,,JARDÍN INFANTIL VERBENAL,JSDIS,USAQUÉN,KR 18 A 187 75,VERBENAL,6780889,2/03/2007582,,JARDÍN INFANTIL MONTEBLANCO,JSDIS,USME,CL 95 SUR 14 C 46,COMUNEROS,2006085,2/03/2007
582,,JARDÍN INFANTIL MONTEBLANCO,JSDIS,USME,CL 95 SUR 14 C 46,COMUNEROS,2006085,2/03/2007586,,JARDÍN INFANTIL BUENAVISTA,JSDIS,USAQUÉN,CL 190 4 C 63,VERBENAL,2643517,2/03/2007
586,,JARDÍN INFANTIL BUENAVISTA,JSDIS,USAQUÉN,CL 190 4 C 63,VERBENAL,2643517,2/03/2007587,,JARDÍN INFANTIL PIO XII,JSDIS,KENNEDY,KR 79 D 6 15,CASTILLA,2928965 - 4110619,2/03/2007
587,,JARDÍN INFANTIL PIO XII,JSDIS,KENNEDY,KR 79 D 6 15,CASTILLA,2928965 - 4110619,2/03/2007588,,JARDÍN INFANTIL JUAN XXIII,JSDIS,CHAPINERO,CL 65 B 01 19,PARDO RUBIO,3103689 - 4110619,2/03/2007
588,,JARDÍN INFANTIL JUAN XXIII,JSDIS,CHAPINERO,CL 65 B 01 19,PARDO RUBIO,3103689 - 4110619,2/03/2007591,,JARDÍN SOCIAL LA PAZ,JS,CHAPINERO,CL 49 03 40 ESTE,PARDO RUBIO,3381662,2/03/2007
591,,JARDÍN SOCIAL LA PAZ,JS,CHAPINERO,CL 49 03 40 ESTE,PARDO RUBIO,3381662,2/03/2007592,,JARDÍN INFANTIL EL ROSARIO,JSDIS,BARRIOS UNIDOS,CL 63 B BIS 35 A 49,"SAN
592,,JARDÍN INFANTIL EL ROSARIO,JSDIS,BARRIOS UNIDOS,CL 63 B BIS 35 A 49,"SANFRANCISCO",3150258,2/03/2007593,,JARDÍN INFANTIL RAFAEL POMBO,JSDIS,FONTIBÓN,KR 97 A 19 11,FONTIBÓN,"3114736717 -
593,,JARDÍN INFANTIL RAFAEL POMBO,JSDIS,FONTIBÓN,KR 97 A 19 11,FONTIBÓN,"3114736717 -3215350848",2/03/2007594,,JARDÍN INFANTIL SAN LUIS,JSDIS,CHAPINERO,"CL 97 06 46 ESTE 
594,,JARDÍN INFANTIL SAN LUIS,JSDIS,CHAPINERO,"CL 97 06 46 ESTE KILOMETRO 5 VIALA CALERA","SAN ISIDRIO-PATIOS",6485513,2/03/2007595,,JARDÍN INFANTIL SAN CRISTOBAL SDIS,JS,SAN CRISTÓBAL,CL 17 A SUR 3 D 30 ESTE,SOSIEGO,2463513,2/03/2007
595,,JARDÍN INFANTIL SAN CRISTOBAL SDIS,JS,SAN CRISTÓBAL,CL 17 A SUR 3 D 30 ESTE,SOSIEGO,2463513,2/03/2007596,,JARDÍN INFANTIL HELVETIA,JSDIS,SUBA,CL 129 55 05,NIZA,"2,539,466",2/03/2007
596,,JARDÍN INFANTIL HELVETIA,JSDIS,SUBA,CL 129 55 05,NIZA,"2,539,466",2/03/2007597,,JARDÍN INFANTIL LA GIRALDA,JSDIS,FONTIBÓN,CL 23 104 B 15,FONTIBÓN,4183734,2/03/2007
597,,JARDÍN INFANTIL LA GIRALDA,JSDIS,FONTIBÓN,CL 23 104 B 15,FONTIBÓN,4183734,2/03/2007598,,JARDÍN INFANTIL LAS CRUCES,JSDIS,SANTA FE,CL 1 C 5 A 30,LAS CRUCES,2892199,2/03/2007
598,,JARDÍN INFANTIL LAS CRUCES,JSDIS,SANTA FE,CL 1 C 5 A 30,LAS CRUCES,2892199,2/03/2007601,,JARDÍN INFANTIL LA INMACULADA,JSDIS,BARRIOS UNIDOS,CL 73 51 27,"DOCE DE
601,,JARDÍN INFANTIL LA INMACULADA,JSDIS,BARRIOS UNIDOS,CL 73 51 27,"DOCE DEOCTUBRE",6607065,2/03/2007602,,JARDÍN INFANTIL ARGELIA,JSDIS,KENNEDY,CL 39 B SUR 72 G 62,CARVAJAL,7291910,2/03/2007
602,,JARDÍN INFANTIL ARGELIA,JSDIS,KENNEDY,CL 39 B SUR 72 G 62,CARVAJAL,7291910,2/03/2007603,,JARDÍN INFANTIL BELLAVISTA,JSDIS,ENGATIVÁ,KR 68 G 67 A 10,LAS FERIAS,6603012 - 6606288,2/03/2007
603,,JARDÍN INFANTIL BELLAVISTA,JSDIS,ENGATIVÁ,KR 68 G 67 A 10,LAS FERIAS,6603012 - 6606288,2/03/2007604,,JARDÍN INFANTIL LOS LACHES,JSDIS,SANTA FE,DG 4 B 6 A 11 ESTE,LOURDES,2803197,2/03/2007
604,,JARDÍN INFANTIL LOS LACHES,JSDIS,SANTA FE,DG 4 B 6 A 11 ESTE,LOURDES,2803197,2/03/2007605,,JARDÍN INFANTIL RIONEGRO,JSDIS,BARRIOS UNIDOS,CL 99 60 46,LOS ANDES,6227392,2/03/2007
605,,JARDÍN INFANTIL RIONEGRO,JSDIS,BARRIOS UNIDOS,CL 99 60 46,LOS ANDES,6227392,2/03/2007606,,JARDÍN INFANTIL LA MANUELITA,JSDIS,SUBA,AK 91 129 A 10,EL RINCÓN,6 813400 - 6512900,2/03/2007
606,,JARDÍN INFANTIL LA MANUELITA,JSDIS,SUBA,AK 91 129 A 10,EL RINCÓN,6 813400 - 6512900,2/03/2007627,,JARDÍN INFANTIL LA PERSEVERANCIA,JSDIS,SANTA FE,KR 1 33 00,"SAGRADO
627,,JARDÍN INFANTIL LA PERSEVERANCIA,JSDIS,SANTA FE,KR 1 33 00,"SAGRADOCORAZÓN",2884991,5/03/2007628,,CASA DE PENSAMIENTO INTERCULTURAL SHIMYAC,JSDIS,SANTA FE,CL 1 C 13 41,LAS CRUCES,"23,317,692,466,644",5/03/2007
628,,CASA DE PENSAMIENTO INTERCULTURAL SHIMYAC,JSDIS,SANTA FE,CL 1 C 13 41,LAS CRUCES,"23,317,692,466,644",5/03/2007629,,JARDÍN INFANTIL SUBA,JSDIS,SUBA,CL 146 C BIS 91 42,EL RINCÓN,6815458,5/03/2007
629,,JARDÍN INFANTIL SUBA,JSDIS,SUBA,CL 146 C BIS 91 42,EL RINCÓN,6815458,5/03/2007630,,JARDÍN INFANTIL ATANASIO GIRARDOT,JSDIS,SANTA FE,KR 1 A ESTE 1 F 06,LOURDES,2331336 - 2332958,5/03/2007
630,,JARDÍN INFANTIL ATANASIO GIRARDOT,JSDIS,SANTA FE,KR 1 A ESTE 1 F 06,LOURDES,2331336 - 2332958,5/03/2007631,,JARDÍN INFANTIL BELLO HORIZONTE,JSDIS,SAN CRISTÓBAL,CL 32 A SUR 3 A 91 ESTE,20 DE JULIO,3671950,5/03/2007
631,,JARDÍN INFANTIL BELLO HORIZONTE,JSDIS,SAN CRISTÓBAL,CL 32 A SUR 3 A 91 ESTE,20 DE JULIO,3671950,5/03/2007632,,JARDÍN INFANTIL EL QUINDIO,JSDIS,SAN CRISTÓBAL,KR 16 A ESTE 46 C 20 SUR,LA GLORIA,2654243,5/03/2007
632,,JARDÍN INFANTIL EL QUINDIO,JSDIS,SAN CRISTÓBAL,KR 16 A ESTE 46 C 20 SUR,LA GLORIA,2654243,5/03/2007633,,JARDÍN INFANTIL SANTANDER,JSDIS,ANTONIO NARIÑO,KR 29 B 26 10 SUR,RESTREPO,7272504,5/03/2007
633,,JARDÍN INFANTIL SANTANDER,JSDIS,ANTONIO NARIÑO,KR 29 B 26 10 SUR,RESTREPO,7272504,5/03/2007634,,JARDÍN INFANTIL LAURELES,JSDIS,BOSA,CL 73 SUR 81 B 10,BOSA CENTRAL,7761827,5/03/2007
634,,JARDÍN INFANTIL LAURELES,JSDIS,BOSA,CL 73 SUR 81 B 10,BOSA CENTRAL,7761827,5/03/2007635,,JARDÍN INFANTIL SAN PABLO DE CALAMO,JS,BOSA,KR 78 A 65 J BIS 05 SUR,BOSA CENTRAL,7191382,5/03/2007
635,,JARDÍN INFANTIL SAN PABLO DE CALAMO,JS,BOSA,KR 78 A 65 J BIS 05 SUR,BOSA CENTRAL,7191382,5/03/2007636,,JARDÍN INFANTIL CIUDAD DE BOGOTA,JSDIS,KENNEDY,AK 80 43 43 SUR,GRAN BRITALIA,3083169 - 4549160,5/03/2007
636,,JARDÍN INFANTIL CIUDAD DE BOGOTA,JSDIS,KENNEDY,AK 80 43 43 SUR,GRAN BRITALIA,3083169 - 4549160,5/03/2007637,,JARDÍN INFANTIL ENGATIVA,JSDIS,ENGATIVÁ,CL 66 B 122 03,ENGATIVA,2275874,5/03/2007
637,,JARDÍN INFANTIL ENGATIVA,JSDIS,ENGATIVÁ,CL 66 B 122 03,ENGATIVA,2275874,5/03/2007638,,JARDÍN INFANTIL GARCES NAVAS,JSDIS,ENGATIVÁ,CL 78 A 109 A 50,GARCÉS NAVAS,2274419-2279419,5/03/2007
638,,JARDÍN INFANTIL GARCES NAVAS,JSDIS,ENGATIVÁ,CL 78 A 109 A 50,GARCÉS NAVAS,2274419-2279419,5/03/2007641,,JARDÍN INFANTIL RESTREPO,JSDIS,ANTONIO NARIÑO,KR 24 B 15 32 SUR,RESTREPO,5609048,5/03/2007
641,,JARDÍN INFANTIL RESTREPO,JSDIS,ANTONIO NARIÑO,KR 24 B 15 32 SUR,RESTREPO,5609048,5/03/2007643,,JARDÍN INFANTIL BOCHICA,JSDIS,PUENTE ARANDA,CL 1 A BIS 35 20,CIUDAD MONTES,3511184 - 3603712,5/03/2007
643,,JARDÍN INFANTIL BOCHICA,JSDIS,PUENTE ARANDA,CL 1 A BIS 35 20,CIUDAD MONTES,3511184 - 3603712,5/03/2007644,,JARDÍN INFANTIL CALIXTO TORRES,JSDIS,PUENTE ARANDA,KR 65 4 17,SAN RAFAEL,4143469 - 2603602,5/03/2007
644,,JARDÍN INFANTIL CALIXTO TORRES,JSDIS,PUENTE ARANDA,KR 65 4 17,SAN RAFAEL,4143469 - 2603602,5/03/2007645,,JARDÍN INFANTIL SERRANIAS,JSDIS,USME,"DG 96 SUR 2 A 67 ESTE (DG 96 C
645,,JARDÍN INFANTIL SERRANIAS,JSDIS,USME,"DG 96 SUR 2 A 67 ESTE (DG 96 CSUR 7 67 )",COMUNEROS,7615198,5/03/2007646,,JARDÍN INFANTIL PUERTA AL LLANO,JSDIS,USME,CL 107 SUR 7 D 14 ESTE,ALFONSO LÓPEZ,7682679,5/03/2007
646,,JARDÍN INFANTIL PUERTA AL LLANO,JSDIS,USME,CL 107 SUR 7 D 14 ESTE,ALFONSO LÓPEZ,7682679,5/03/2007647,,JARDÍN INFANTIL SANTA MARTA,JSDIS,USME,CL 68 C SUR 9 A 50,GRAN YOMASA,7642219,5/03/2007
647,,JARDÍN INFANTIL SANTA MARTA,JSDIS,USME,CL 68 C SUR 9 A 50,GRAN YOMASA,7642219,5/03/2007648,,JARDÍN INFANTIL FISCALA,JSDIS,USME,CL 64 SUR 2 14 ESTE,DANUBIO,7900736,5/03/2007
648,,JARDÍN INFANTIL FISCALA,JSDIS,USME,CL 64 SUR 2 14 ESTE,DANUBIO,7900736,5/03/2007649,,JARDÍN INFANTIL NUEVA ESPERANZA OLIVARES,JSDIS,USME,"CL 75 C SUR 2 36
649,,JARDÍN INFANTIL NUEVA ESPERANZA OLIVARES,JSDIS,USME,"CL 75 C SUR 2 36 (ANTES KR 4 BESTE 75 B 80 SUR)",GRAN YOMASA,7684733 - 7686117,5/03/2007650,,JARDÍN INFANTIL TENERIFE,JSDIS,USME,CL 91 B SUR 14 90,COMUNEROS,7620931 - 7613359,5/03/2007
650,,JARDÍN INFANTIL TENERIFE,JSDIS,USME,CL 91 B SUR 14 90,COMUNEROS,7620931 - 7613359,5/03/2007651,,JARDÍN INFANTIL LORENZO ALCANTUZ,JSDIS,USME,DG 102 SUR 21 04 ESTE,COMUNEROS,7623116,5/03/2007
651,,JARDÍN INFANTIL LORENZO ALCANTUZ,JSDIS,USME,DG 102 SUR 21 04 ESTE,COMUNEROS,7623116,5/03/2007652,,JARDÍN INFANTIL NEVADO,JSDIS,USME,CL 68 C SUR 6 A 50,GRAN YOMASA,7642293 - 7644146,5/03/2007
652,,JARDÍN INFANTIL NEVADO,JSDIS,USME,CL 68 C SUR 6 A 50,GRAN YOMASA,7642293 - 7644146,5/03/2007653,,JARDÍN INFANTIL CHUNIZA,JSDIS,USME,"KR 1 G ESTE 90 12 SUR (KR 9 84 A
653,,JARDÍN INFANTIL CHUNIZA,JSDIS,USME,"KR 1 G ESTE 90 12 SUR (KR 9 84 A82 SUR )",COMUNEROS,7647635,5/03/2007654,,JARDÍN INFANTIL AMIGUITOS DEL VALLE DE CAFAM,JSDIS,USME,CL 92 BIS SUR 14 H 09,COMUNEROS,7620372,5/03/2007
654,,JARDÍN INFANTIL AMIGUITOS DEL VALLE DE CAFAM,JSDIS,USME,CL 92 BIS SUR 14 H 09,COMUNEROS,7620372,5/03/2007656,,JARDÍN INFANTIL GRAN YOMASA,JSDIS,USME,KR 5 83 14 SUR,GRAN YOMASA,7733171 - 7642278,5/03/2007
656,,JARDÍN INFANTIL GRAN YOMASA,JSDIS,USME,KR 5 83 14 SUR,GRAN YOMASA,7733171 - 7642278,5/03/2007657,,JARDÍN INFANTIL ALASKA,JSDIS,USME,DG 100 B SUR 5 A 05 ESTE,COMUNEROS,7612223 - 4550724,5/03/2007
657,,JARDÍN INFANTIL ALASKA,JSDIS,USME,DG 100 B SUR 5 A 05 ESTE,COMUNEROS,7612223 - 4550724,5/03/2007658,,JARDÍN INFANTIL MARICHUELA,JSDIS,USME,CL 77 A SUR 14 C 32,GRAN YOMASA,7621635 - 7624850,5/03/2007
658,,JARDÍN INFANTIL MARICHUELA,JSDIS,USME,CL 77 A SUR 14 C 32,GRAN YOMASA,7621635 - 7624850,5/03/2007660,,JARDÍN INFANTIL PEBLES Y BAM BAM,JSDIS,USME,CL 76 B SUR 8 C 12,GRAN YOMASA,2005102 - 7670935,5/03/2007
660,,JARDÍN INFANTIL PEBLES Y BAM BAM,JSDIS,USME,CL 76 B SUR 8 C 12,GRAN YOMASA,2005102 - 7670935,5/03/2007661,,JARDÍN INFANTIL SANTA SOFIA,JSDIS,BARRIOS UNIDOS,KR 28 B 75 11,"LOS
661,,JARDÍN INFANTIL SANTA SOFIA,JSDIS,BARRIOS UNIDOS,KR 28 B 75 11,"LOSALCÁZARES","25,035,673,115,074",5/03/2007664,,JARDÍN INFANTIL SAN VICENTE FERRER,JSDIS,TUNJUELITO,CL 53 SUR 13 C 56 PISO 3,VENECIA,7284291 - 7241442,5/03/2007
664,,JARDÍN INFANTIL SAN VICENTE FERRER,JSDIS,TUNJUELITO,CL 53 SUR 13 C 56 PISO 3,VENECIA,7284291 - 7241442,5/03/2007665,,JARDÍN INFANTIL NUEVO CHILE,JSDIS,BOSA,CL 56 SUR 75 A 12,APOGEO,7795130,5/03/2007
665,,JARDÍN INFANTIL NUEVO CHILE,JSDIS,BOSA,CL 56 SUR 75 A 12,APOGEO,7795130,5/03/2007666,,JARDÍN INFANTIL LA ABEJA MAYA,JSDIS,BOSA,CL 57 BIS SUR 75 B 26,APOGEO,7775675,5/03/2007
666,,JARDÍN INFANTIL LA ABEJA MAYA,JSDIS,BOSA,CL 57 BIS SUR 75 B 26,APOGEO,7775675,5/03/2007667,,JARDÍN INFANTIL HUMBERTO VALENCIA,JSDIS,BOSA,KR 82 71 A 35 SUR,BOSA CENTRAL,7797571,5/03/2007
667,,JARDÍN INFANTIL HUMBERTO VALENCIA,JSDIS,BOSA,KR 82 71 A 35 SUR,BOSA CENTRAL,7797571,5/03/2007668,,JARDÍN INFANTIL OLARTE,JSDIS,BOSA,KR 71 D 54 15 SUR,APOGEO,7827258,5/03/2007
668,,JARDÍN INFANTIL OLARTE,JSDIS,BOSA,KR 71 D 54 15 SUR,APOGEO,7827258,5/03/2007669,,JARDÍN INFANTIL HIJOS DE PALESTINA,JSDIS,BOSA,KR 81 D 68 33 SUR,BOSA CENTRAL,7781908 - 7190705,5/03/2007
669,,JARDÍN INFANTIL HIJOS DE PALESTINA,JSDIS,BOSA,KR 81 D 68 33 SUR,BOSA CENTRAL,7781908 - 7190705,5/03/2007670,,JARDÍN INFANTIL LOS BULLICIOSOS,JSDIS,BOSA,KR 87 I 65 19 SUR,BOSA OCCIDENTAL,7233534,5/03/2007
670,,JARDÍN INFANTIL LOS BULLICIOSOS,JSDIS,BOSA,KR 87 I 65 19 SUR,BOSA OCCIDENTAL,7233534,5/03/2007672,,JARDÍN INFANTIL ANTONIA SANTOS,JSDIS,BOSA,CL 67 SUR 81 B 10,BOSA CENTRAL,7760975,5/03/2007
672,,JARDÍN INFANTIL ANTONIA SANTOS,JSDIS,BOSA,CL 67 SUR 81 B 10,BOSA CENTRAL,7760975,5/03/2007673,,JARDÍN INFANTIL LA ESCUELITA,JSDIS,BOSA,KR 81 G 73 44 SUR,"BOSA
673,,JARDÍN INFANTIL LA ESCUELITA,JSDIS,BOSA,KR 81 G 73 44 SUR,"BOSAOCCIDENTAL",7761925 - 3202182695,5/03/2007674,,JARDÍN INFANTIL LA LIBERTAD,JSDIS,BOSA,KR 87 M 59 01 SUR,BOSA OCCIDENTAL,7845712,5/03/2007
674,,JARDÍN INFANTIL LA LIBERTAD,JSDIS,BOSA,KR 87 M 59 01 SUR,BOSA OCCIDENTAL,7845712,5/03/2007675,,JARDÍN INFANTIL LA UNIDAD,JSDIS,KENNEDY,CL 57 D SUR 77 I 85,TIMIZA,7797321 - 3015938615,5/03/2007
675,,JARDÍN INFANTIL LA UNIDAD,JSDIS,KENNEDY,CL 57 D SUR 77 I 85,TIMIZA,7797321 - 3015938615,5/03/2007676,,JARDÍN INFANTIL BRITALIA,JSDIS,KENNEDY,CL 55 80 J 17 SUR,GRAN BRITALIA,2932425,5/03/2007
676,,JARDÍN INFANTIL BRITALIA,JSDIS,KENNEDY,CL 55 80 J 17 SUR,GRAN BRITALIA,2932425,5/03/2007678,,JARDÍN INFANTIL MI PEQUEÑO MUNDO EL PERPETUO SOCORRO,JSDIS,KENNEDY,CL 50 SUR 78 18,TIMIZA,"45,247,064,542,908",5/03/2007
678,,JARDÍN INFANTIL MI PEQUEÑO MUNDO EL PERPETUO SOCORRO,JSDIS,KENNEDY,CL 50 SUR 78 18,TIMIZA,"45,247,064,542,908",5/03/2007680,,JARDÍN INFANTIL LA IGUALDAD,JSDIS,KENNEDY,CL 2 68 A 80,AMERICAS,2607344,5/03/2007
680,,JARDÍN INFANTIL LA IGUALDAD,JSDIS,KENNEDY,CL 2 68 A 80,AMERICAS,2607344,5/03/2007681,,JARDÍN INFANTIL PARAISO,JSDIS,KENNEDY,CL 39 SUR 89 C 37,PATIO BONITO,4557447 - 5715082,5/03/2007
681,,JARDÍN INFANTIL PARAISO,JSDIS,KENNEDY,CL 39 SUR 89 C 37,PATIO BONITO,4557447 - 5715082,5/03/2007683,,JARDÍN INFANTIL VISION DE COLOMBIA,JSDIS,KENNEDY,KR 79 G 13 09,CASTILLA,2924294 - 4117349,5/03/2007
683,,JARDÍN INFANTIL VISION DE COLOMBIA,JSDIS,KENNEDY,KR 79 G 13 09,CASTILLA,2924294 - 4117349,5/03/2007684,,JARDÍN INFANTIL CLASS,JSDIS,KENNEDY,CL 57 B SUR 80 H 15 SUR,GRAN BRITALIA,"7753877 - 7192346 -
684,,JARDÍN INFANTIL CLASS,JSDIS,KENNEDY,CL 57 B SUR 80 H 15 SUR,GRAN BRITALIA,"7753877 - 7192346 -5707030",5/03/2007685,,JARDÍN INFANTIL AMAS DE CASA JACKELINE,JSDIS,KENNEDY,KR 77 Q 45 A 11 SUR,TIMIZA,"26,407,464,508,837",5/03/2007
685,,JARDÍN INFANTIL AMAS DE CASA JACKELINE,JSDIS,KENNEDY,KR 77 Q 45 A 11 SUR,TIMIZA,"26,407,464,508,837",5/03/2007692,,JARDÍN INFANTIL MARÍA GORETTI,JSDIS,BARRIOS UNIDOS,CL 67 D 58 14,"DOCE DE
692,,JARDÍN INFANTIL MARÍA GORETTI,JSDIS,BARRIOS UNIDOS,CL 67 D 58 14,"DOCE DEOCTUBRE",2400285,6/03/2007694,,JARDÍN INFANTIL JORGE BEJARANO,JSDIS,LOS MÁRTIRES,CL 10 29 48,LA SABANA,2372826,6/03/2007
694,,JARDÍN INFANTIL JORGE BEJARANO,JSDIS,LOS MÁRTIRES,CL 10 29 48,LA SABANA,2372826,6/03/2007695,,JARDÍN INFANTIL SAMPER MENDOZA,JSDIS,LOS MÁRTIRES,KR 23 22 A 62,LA SABANA,6681805 - 2680747,6/03/2007
695,,JARDÍN INFANTIL SAMPER MENDOZA,JSDIS,LOS MÁRTIRES,KR 23 22 A 62,LA SABANA,6681805 - 2680747,6/03/2007700,,JARDÍN INFANTIL PATIO BONITO SATÉLITE,JSDIS,KENNEDY,KR 87 5 B 21,PATIO BONITO,4513580,6/03/2007
700,,JARDÍN INFANTIL PATIO BONITO SATÉLITE,JSDIS,KENNEDY,KR 87 5 B 21,PATIO BONITO,4513580,6/03/2007701,,JARDÍN INFANTIL EL PORTAL,JSDIS,FONTIBÓN,KR 124 18 A 79,"FONTIBÓN SAN
701,,JARDÍN INFANTIL EL PORTAL,JSDIS,FONTIBÓN,KR 124 18 A 79,"FONTIBÓN SANPABLO",4154210,6/03/2007726,,JARDÍN INFANTIL LICEO ALCALA,PRI,PUENTE ARANDA,CL 36 SUR 51 23,MUZÚ,2380257,7/03/2007
726,,JARDÍN INFANTIL LICEO ALCALA,PRI,PUENTE ARANDA,CL 36 SUR 51 23,MUZÚ,2380257,7/03/2007731,,EL ARCA DE NOE CENTRO CULTURAL PARA NIÑOS LTDA,PRI,CHAPINERO,CL 70 A 10 03,CHICO LAGO,3170909,7/03/2007
731,,EL ARCA DE NOE CENTRO CULTURAL PARA NIÑOS LTDA,PRI,CHAPINERO,CL 70 A 10 03,CHICO LAGO,3170909,7/03/2007752,,GIMNASIO GUARDERÍA SAINT LORENZ,PRI,SUBA,CL 135 103 F 59,EL RINCÓN,6805679,9/03/2007
752,,GIMNASIO GUARDERÍA SAINT LORENZ,PRI,SUBA,CL 135 103 F 59,EL RINCÓN,6805679,9/03/2007753,,JARDÍN INFANTIL Y GUARDERÍA RICAURTE,SED-PRI,LOS MÁRTIRES,KR 25 6 A 19,LA SABANA,2476020,9/03/2007
753,,JARDÍN INFANTIL Y GUARDERÍA RICAURTE,SED-PRI,LOS MÁRTIRES,KR 25 6 A 19,LA SABANA,2476020,9/03/2007759,,NURSERY KINDERGARTEN SAN NICOLAS DE TALENTINO,PRI,SUBA,KR 95 A 147 B 29,EL PRADO,4675186,11/03/2007
759,,NURSERY KINDERGARTEN SAN NICOLAS DE TALENTINO,PRI,SUBA,KR 95 A 147 B 29,EL PRADO,4675186,11/03/2007762,,GIMNASIO SERES Y SABERES,SED-PRI,TEUSAQUILLO,AV KR 50 57 B 06,LA ESMERALDA,2213038,12/03/2007
762,,GIMNASIO SERES Y SABERES,SED-PRI,TEUSAQUILLO,AV KR 50 57 B 06,LA ESMERALDA,2213038,12/03/2007763,,PRE ESCOLAR OLAS DE ALEGRIA,SED-PRI,BARRIOS UNIDOS,KR 19 63 33,LOS ALCAZARES,3001896,12/03/2007
763,,PRE ESCOLAR OLAS DE ALEGRIA,SED-PRI,BARRIOS UNIDOS,KR 19 63 33,LOS ALCAZARES,3001896,12/03/2007765,,MIJARDÍNCITO EL MUNDO DE LOS AÑOS BELLOS,SED-PRI,BARRIOS UNIDOS,KR 49 A 86 B 46,LOS ANDES,6165299,12/03/2007
765,,MIJARDÍNCITO EL MUNDO DE LOS AÑOS BELLOS,SED-PRI,BARRIOS UNIDOS,KR 49 A 86 B 46,LOS ANDES,6165299,12/03/2007766,,JARDÍN INFANTIL PELOTA DE LETRAS,PRI,USAQUÉN,CL 134 A 9 51,LOS CEDROS,"61,455,282,743,457",12/03/2007
766,,JARDÍN INFANTIL PELOTA DE LETRAS,PRI,USAQUÉN,CL 134 A 9 51,LOS CEDROS,"61,455,282,743,457",12/03/2007767,,JARDÍN INFANTIL LA MAGIA DEL AMOR,SED-PRI,SUBA,KR 96 A 152 65,SUBA,6840536,12/03/2007
767,,JARDÍN INFANTIL LA MAGIA DEL AMOR,SED-PRI,SUBA,KR 96 A 152 65,SUBA,6840536,12/03/2007769,,JARDÍN INFANTIL SUEÑOS DE AMOR,PRI,SUBA,CL 120 70 65,NIZA,2265048,12/03/2007
769,,JARDÍN INFANTIL SUEÑOS DE AMOR,PRI,SUBA,CL 120 70 65,NIZA,2265048,12/03/2007773,,JARDÍN INFANTIL LA HORA DEL KINDER,SED-PRI,SUBA,CL 106 56 79,LA ALHAMBRA,2530782,12/03/2007
773,,JARDÍN INFANTIL LA HORA DEL KINDER,SED-PRI,SUBA,CL 106 56 79,LA ALHAMBRA,2530782,12/03/2007775,,JARDÍN INFANTIL PEQUEÑAS PERSONITAS,SED-PRI,BARRIOS UNIDOS,CL 72 A 20 C 38,"LOS
775,,JARDÍN INFANTIL PEQUEÑAS PERSONITAS,SED-PRI,BARRIOS UNIDOS,CL 72 A 20 C 38,"LOSALCÁZARES",3475493,13/03/2007776,,JARDÍN INFANTIL BETANIA,JSDIS,USME,CL 76 B SUR 5 64,GRAN YOMASA,2003369 - 7613383,13/03/2007
776,,JARDÍN INFANTIL BETANIA,JSDIS,USME,CL 76 B SUR 5 64,GRAN YOMASA,2003369 - 7613383,13/03/2007777,,JARDÍN INFANTIL OASIS,JSDIS,USME,KR 14 G BIS 133 A 22 SUR,CIUDAD USME,7390482,13/03/2007
777,,JARDÍN INFANTIL OASIS,JSDIS,USME,KR 14 G BIS 133 A 22 SUR,CIUDAD USME,7390482,13/03/2007778,,JARDÍN INFANTIL TEJARES,JS,USME,KR 8 BIS B 75 C 52 SUR,GRAN YOMASA,7632842,13/03/2007
778,,JARDÍN INFANTIL TEJARES,JS,USME,KR 8 BIS B 75 C 52 SUR,GRAN YOMASA,7632842,13/03/2007780,,JARDÍN INFANTIL LA ESPERANZA,JSDIS,USME,CL 76 B SUR 14 39 ESTE,LA FLORA,3653673,13/03/2007
780,,JARDÍN INFANTIL LA ESPERANZA,JSDIS,USME,CL 76 B SUR 14 39 ESTE,LA FLORA,3653673,13/03/2007781,,JARDÍN INFANTIL EL CARMEN,JSDIS,TUNJUELITO,KR 28 48 A 17 SUR,VENECIA,8053977,13/03/2007
781,,JARDÍN INFANTIL EL CARMEN,JSDIS,TUNJUELITO,KR 28 48 A 17 SUR,VENECIA,8053977,13/03/2007783,,J.S. SAN VICENTE,JS,SAN CRISTÓBAL,CL 34 H SUR 7 20 ESTE,SAN BLAS,2068554,13/03/2007
783,,J.S. SAN VICENTE,JS,SAN CRISTÓBAL,CL 34 H SUR 7 20 ESTE,SAN BLAS,2068554,13/03/2007784,,JARDÍN SOCIAL CHUNIZA,JS,USME,AC 91 SUR 4 C 26,COMUNEROS,7646136,13/03/2007
784,,JARDÍN SOCIAL CHUNIZA,JS,USME,AC 91 SUR 4 C 26,COMUNEROS,7646136,13/03/2007785,,JARDÍN SOCIAL BOLONIA,JS,USME,CL 81 A SUR 6 40 ESTE,GRAN YOMASA,7611922,13/03/2007
785,,JARDÍN SOCIAL BOLONIA,JS,USME,CL 81 A SUR 6 40 ESTE,GRAN YOMASA,7611922,13/03/2007787,,JARDÍN SOCIAL SAN CAYETANO,JS,USME,CL 74 A SUR 16 60 ESTE,LA FLORA,3653100 3113953556,13/03/2007
787,,JARDÍN SOCIAL SAN CAYETANO,JS,USME,CL 74 A SUR 16 60 ESTE,LA FLORA,3653100 3113953556,13/03/2007788,,JARDÍN SOCIAL MONTEBLANCO,JS,USME,CL 97 1 03 SUR,COMUNEROS,7734651,13/03/2007
788,,JARDÍN SOCIAL MONTEBLANCO,JS,USME,CL 97 1 03 SUR,COMUNEROS,7734651,13/03/2007789,,J.S. SANTIAGO DE LAS ATALAYAS,JS,BOSA,KR 89 A BIS 61 A 25 SUR,"BOSA
789,,J.S. SANTIAGO DE LAS ATALAYAS,JS,BOSA,KR 89 A BIS 61 A 25 SUR,"BOSAOCCIDENTAL",7833965,13/03/2007790,,J.S. SANTA MARTA,JS,BOSA,KR 93 B 54 84 SUR,EL PORVENIR,7839942,13/03/2007
790,,J.S. SANTA MARTA,JS,BOSA,KR 93 B 54 84 SUR,EL PORVENIR,7839942,13/03/2007791,,J.S. BELLAVISTA,JS,KENNEDY,CL 38 SUR 94 C 29,PATIO BONITO,4527787,13/03/2007
791,,J.S. BELLAVISTA,JS,KENNEDY,CL 38 SUR 94 C 29,PATIO BONITO,4527787,13/03/2007792,,JARDÍN SOCIAL TINTALITO,JS,KENNEDY,AC 43 SUR 88 A 20,"LAS
792,,JARDÍN SOCIAL TINTALITO,JS,KENNEDY,AC 43 SUR 88 A 20,"LASMARGARITAS","45,309,564,943,684",13/03/2007793,,JARDÍN INFANTIL VILLA CRISTINA,JSDIS,ENGATIVÁ,KR 95 G 91 A 22,"EL MINUTO DE
793,,JARDÍN INFANTIL VILLA CRISTINA,JSDIS,ENGATIVÁ,KR 95 G 91 A 22,"EL MINUTO DEDIOS",4355202 - 3167200190,13/03/2007794,,J.S. PIEDRA VERDE,JS,SUBA,CL 137 129 35,TIBABUYES,6876403 - 6 933649,13/03/2007
794,,J.S. PIEDRA VERDE,JS,SUBA,CL 137 129 35,TIBABUYES,6876403 - 6 933649,13/03/2007795,,J.S. JULIO FLOREZ,JSDIS,SUBA,KR 68 B 94 A 98,LA FLORESTA,"2 533927 2267388 -
795,,J.S. JULIO FLOREZ,JSDIS,SUBA,KR 68 B 94 A 98,LA FLORESTA,"2 533927 2267388 -2714357",13/03/2007796,,JARDÍN INFANTIL NUEVOS PASOS,JSDIS,LOS MÁRTIRES,CL 5 A 26 A 17,SANTA ISABEL,3754176,13/03/2007
796,,JARDÍN INFANTIL NUEVOS PASOS,JSDIS,LOS MÁRTIRES,CL 5 A 26 A 17,SANTA ISABEL,3754176,13/03/2007797,,J.S. PALERMO SUR,JS,"RAFAEL URIBE
797,,J.S. PALERMO SUR,JS,"RAFAEL URIBEURIBE",CL 49 D SUR 2 B 26,DIANA TURBAY,7677492,13/03/2007803,,FUNDACIÓN NIÑ@S BOGOTA,PRI,SUBA,CL 138 159 07,TIBABUYES,"4702186 - 3124618989 -
803,,FUNDACIÓN NIÑ@S BOGOTA,PRI,SUBA,CL 138 159 07,TIBABUYES,"4702186 - 3124618989 -3173814905",14/03/2007804,,JARDÍN INFANTIL SEMILLITAS BILINGÜE,SED-PRI,SUBA,CL 99 71 03,LA FLORESTA,2536241,14/03/2007
804,,JARDÍN INFANTIL SEMILLITAS BILINGÜE,SED-PRI,SUBA,CL 99 71 03,LA FLORESTA,2536241,14/03/2007815,,PREESCOLAR LA RONDA DE LOS NIÑOS,SED-PRI,TEUSAQUILLO,KR 40 D 59 21,LA ESMERALDA,2221018,15/03/2007
815,,PREESCOLAR LA RONDA DE LOS NIÑOS,SED-PRI,TEUSAQUILLO,KR 40 D 59 21,LA ESMERALDA,2221018,15/03/2007820,CONTROL,ASOCIACION EL ROCIO,PRI,BOSA,CL 68 B SUR 79 B 34,BOSA CENTRAL,7753135,16/03/2007
820,CONTROL,ASOCIACION EL ROCIO,PRI,BOSA,CL 68 B SUR 79 B 34,BOSA CENTRAL,7753135,16/03/2007822,,JARDÍN EMMANUEL,PRI,USAQUÉN,CL 145 17 17,LOS CEDROS,3474691 - 3474691,18/03/2007
822,,JARDÍN EMMANUEL,PRI,USAQUÉN,CL 145 17 17,LOS CEDROS,3474691 - 3474691,18/03/2007825,,JARDÍN BILINGÜE NUESTRA CREATIVIDAD,SED-PRI,TEUSAQUILLO,KR 18 54 74,GALERÍAS,2498344,20/03/2007
825,,JARDÍN BILINGÜE NUESTRA CREATIVIDAD,SED-PRI,TEUSAQUILLO,KR 18 54 74,GALERÍAS,2498344,20/03/2007827,,CETEM MIS PEQUEÑOS ENANITOS SEDE A,PRI,ENGATIVÁ,CL 80 A 105 16,BOLIVIA,2273843 - 3152210092,20/03/2007
827,,CETEM MIS PEQUEÑOS ENANITOS SEDE A,PRI,ENGATIVÁ,CL 80 A 105 16,BOLIVIA,2273843 - 3152210092,20/03/2007828,,PARVULATORIO OSIMIEL SAS,SED-PRI,FONTIBÓN,KR 80 A BIS 22 D 56,MODELIA,2951881,20/03/2007
828,,PARVULATORIO OSIMIEL SAS,SED-PRI,FONTIBÓN,KR 80 A BIS 22 D 56,MODELIA,2951881,20/03/2007831,,JARDÍN INFANTIL DATA SESAMO,SED-PRI,TEUSAQUILLO,KR 27 B 53 A 46,GALERÍAS,2126125,21/03/2007
831,,JARDÍN INFANTIL DATA SESAMO,SED-PRI,TEUSAQUILLO,KR 27 B 53 A 46,GALERÍAS,2126125,21/03/2007847,,LICEO LOWENFELD,SED-PRI,ENGATIVÁ,CL 52 A 74 20,SANTA CECILIA,4164138,21/03/2007
847,,LICEO LOWENFELD,SED-PRI,ENGATIVÁ,CL 52 A 74 20,SANTA CECILIA,4164138,21/03/2007851,,JARDÍN INFANTIL Y COLEGIO HORIZONTES ABIERTOS,SED-PRI,SUBA,CL 165 49 31,BRITALIA,6711721,22/03/2007
851,,JARDÍN INFANTIL Y COLEGIO HORIZONTES ABIERTOS,SED-PRI,SUBA,CL 165 49 31,BRITALIA,6711721,22/03/2007852,,JARDÍN INFANTIL EL MUNDO MARAVILLOSO DE DISNEY,PRI,ENGATIVÁ,KR 110 A 86 B 28 MANZANA 19,BOLIVIA,4317198,23/03/2007
852,,JARDÍN INFANTIL EL MUNDO MARAVILLOSO DE DISNEY,PRI,ENGATIVÁ,KR 110 A 86 B 28 MANZANA 19,BOLIVIA,4317198,23/03/2007856,,JARDÍN INFANTIL MI CABAÑITA,SED-PRI,BARRIOS UNIDOS,KR 21 A 82 06,LOS ALCÁZARES,2571838,23/03/2007
856,,JARDÍN INFANTIL MI CABAÑITA,SED-PRI,BARRIOS UNIDOS,KR 21 A 82 06,LOS ALCÁZARES,2571838,23/03/2007859,,GIMNASIO EL TESORO DEL SABER CREATIVO,PRI,KENNEDY,AC 6 75 53,AMERICAS,2640187,23/03/2007
859,,GIMNASIO EL TESORO DEL SABER CREATIVO,PRI,KENNEDY,AC 6 75 53,AMERICAS,2640187,23/03/2007869,,GAN LUBAVITCH,PRI,CHAPINERO,CL 94 9 52,EL REFUGIO,6185158,26/03/2007
869,,GAN LUBAVITCH,PRI,CHAPINERO,CL 94 9 52,EL REFUGIO,6185158,26/03/2007870,,JARDÍN INFANTIL POR UN MAÑANA,SED-PRI,SUBA,KR 68 173 A 39/35,"SAN JOSE DE
870,,JARDÍN INFANTIL POR UN MAÑANA,SED-PRI,SUBA,KR 68 173 A 39/35,"SAN JOSE DEBAVARIA",6714113,26/03/2007871,,MAROMAS TALLER DE LOS NIÑOS,PRI,SUBA,KR 71 D 124 61,NIZA,7550912,26/03/2007
871,,MAROMAS TALLER DE LOS NIÑOS,PRI,SUBA,KR 71 D 124 61,NIZA,7550912,26/03/2007878,,GIMNASIO PEDAGÓGICO DEL NORTE,PRI,USAQUÉN,KR 11 185 A 12,VERBENAL,6799049,26/03/2007
878,,GIMNASIO PEDAGÓGICO DEL NORTE,PRI,USAQUÉN,KR 11 185 A 12,VERBENAL,6799049,26/03/2007881,,MCKINLEY GARTEN,PRI,USAQUÉN,KR 20 134 A 05,LOS CEDROS,2591507 - 2715996,27/03/2007
881,,MCKINLEY GARTEN,PRI,USAQUÉN,KR 20 134 A 05,LOS CEDROS,2591507 - 2715996,27/03/2007883,,PATATIN PATATERO BABIES AND KINDER,PRI,SUBA,CL 127 A 72 70,NIZA,2532201,28/03/2007
883,,PATATIN PATATERO BABIES AND KINDER,PRI,SUBA,CL 127 A 72 70,NIZA,2532201,28/03/2007907,,CHIQUITINES CENTRO DE EDUCACIÓN INICIAL,PRI,SUBA,KR 53 147 A 41,EL PRADO,6150913,31/03/2007
907,,CHIQUITINES CENTRO DE EDUCACIÓN INICIAL,PRI,SUBA,KR 53 147 A 41,EL PRADO,6150913,31/03/2007908,,JARDÍN INFANTIL PLUTOMANÍA,PRI,BOSA,CL 68 B SUR 77 N 58,BOSA CENTRAL,7754654 - 3204288654,1/04/2007
908,,JARDÍN INFANTIL PLUTOMANÍA,PRI,BOSA,CL 68 B SUR 77 N 58,BOSA CENTRAL,7754654 - 3204288654,1/04/2007931,,LICEO INFANTIL GOFFI,SED-PRI,ANTONIO NARIÑO,CL 15 SUR 24 G 38,RESTREPO,7020329,5/04/2007
931,,LICEO INFANTIL GOFFI,SED-PRI,ANTONIO NARIÑO,CL 15 SUR 24 G 38,RESTREPO,7020329,5/04/2007932,,JARDÍN INFANTIL MENTES CONSTRUCTIVAS,PRI,USAQUÉN,KR 16 160 23,TOBERIN,6720085 - 3023270288,7/04/2007
932,,JARDÍN INFANTIL MENTES CONSTRUCTIVAS,PRI,USAQUÉN,KR 16 160 23,TOBERIN,6720085 - 3023270288,7/04/2007935,,JARDÍN INFANTIL BURBUJAS MÁGICAS,PRI,USAQUÉN,CL 152 7 C 11,LOS CEDROS,"5745190 - 2580324 -
935,,JARDÍN INFANTIL BURBUJAS MÁGICAS,PRI,USAQUÉN,CL 152 7 C 11,LOS CEDROS,"5745190 - 2580324 -6427579",9/04/2007950,,GUARDERÍA JARDÍN INFANTIL LUCES DE COLORES,PRI,SUBA,CL 151 111 A 25 CASA 25,SUBA,6633422 / 3208160810,11/04/2007
950,,GUARDERÍA JARDÍN INFANTIL LUCES DE COLORES,PRI,SUBA,CL 151 111 A 25 CASA 25,SUBA,6633422 / 3208160810,11/04/2007952,,LICEO INFANTIL MI NUEVO MUNDO ENCANTADO,SED-PRI,TUNJUELITO,AV BOYACA 51 A 46 SUR,VENECIA,2705180,12/04/2007